Date,Ticker,Decision,Score,Price
2026-09-14,DVN,WATCH,62,49.8650016784668
2026-09-14,VLO,WATCH,62,381.0899963378906
2026-09-14,IBM,WATCH,61,249.0850067138672
2026-09-14,HOOD,WATCH,61,115.01000213623048
2026-09-14,GOOGL,WATCH,61,348.1400146484375
2026-09-14,META,WATCH,60,666.9600219726562
2026-09-14,ELV,WATCH,59,425.2799987792969
2026-09-14,QCOM,WATCH,59,180.1600036621093
2026-09-14,ISRG,WATCH,59,377.6499938964844
2026-09-14,HCA,WATCH,59,425.489990234375
2026-09-14,CVX,WATCH,59,211.72000122070312
2026-09-14,AAPL,WATCH,59,334.44000244140625
2026-09-14,CRWD,WATCH,59,236.7700042724609
2026-09-14,KR,WATCH,58,60.665000915527344
2026-09-14,WFC,WATCH,58,88.41000366210938
2026-09-14,TRV,WATCH,58,377.4299926757813
2026-09-14,RBLX,WATCH,58,50.560001373291016
2026-09-14,CI,WATCH,58,290.625
2026-09-14,PM,WATCH,58,194.22999572753903
2026-09-14,MO,WATCH,58,70.58000183105469
2026-09-14,MTCH,WATCH,57,43.08000183105469
2026-09-14,SNAP,WATCH,57,5.855000019073486
2026-09-14,NOW,WATCH,57,142.2100067138672
2026-09-14,TSLA,WATCH,57,360.3200073242188
2026-09-14,DE,WATCH,56,680.5449829101562
2026-09-14,NET,WATCH,56,331.4150085449219
2026-09-14,MOS,WATCH,55,24.8700008392334
2026-09-14,AI,AVOID,54,11.335000038146973
2026-09-14,GTLB,AVOID,54,49.29999923706055
2026-09-14,COIN,AVOID,53,192.1499938964844
2026-09-15,EOG,WATCH,61,153.8000946044922
2026-09-15,META,WATCH,61,669.5899047851562
2026-09-15,OXY,WATCH,60,63.584999084472656
2026-09-15,PG,WATCH,60,146.91000366210938
2026-09-15,XOM,WATCH,60,168.8300018310547
2026-09-15,AAPL,WATCH,60,330.260498046875
2026-09-15,HCA,WATCH,59,424.0499877929688
2026-09-15,DVN,WATCH,59,51.25
2026-09-15,TRV,WATCH,59,377.7999877929688
2026-09-15,FANG,WATCH,59,211.52999877929688
2026-09-15,IBM,WATCH,59,250.9010009765625
2026-09-15,CI,WATCH,59,290.4800109863281
2026-09-15,PM,WATCH,59,194.384994506836
2026-09-15,CVX,WATCH,59,216.5500030517578
2026-09-15,CRWD,WATCH,58,242.6750030517578
2026-09-15,T,WATCH,58,26.875
2026-09-15,APA,WATCH,58,47.16999816894531
2026-09-15,QCOM,WATCH,58,189.1199951171875
2026-09-15,ELV,WATCH,58,420.4949951171875
2026-09-15,TSLA,WATCH,57,357.4349975585937
2026-09-15,MTCH,WATCH,57,43.7599983215332
2026-09-15,MO,WATCH,57,70.33499908447266
2026-09-15,RBLX,WATCH,57,50.81999969482422
2026-09-15,SNAP,WATCH,56,5.90500020980835
2026-09-15,CE,WATCH,56,46.630001068115234
2026-09-15,DE,WATCH,56,687.989990234375
2026-09-15,KR,WATCH,56,62.43000030517578
2026-09-15,NET,WATCH,55,330.06500244140625
2026-09-15,MOS,AVOID,54,25.55500030517578
2026-09-15,AI,AVOID,54,10.98989963531494
2026-09-16,META,WATCH,61,679.3900146484375
2026-09-16,AAPL,WATCH,60,334.3699951171875
2026-09-16,APA,WATCH,60,45.400001525878906
2026-09-16,PG,WATCH,60,148.05999755859375
2026-09-16,TRV,WATCH,60,380.614990234375
2026-09-16,AMD,WATCH,60,520.5599975585938
2026-09-16,CVX,WATCH,60,213.2100067138672
2026-09-16,TMO,WATCH,60,651.2899780273438
2026-09-16,IBM,WATCH,60,240.19500732421875
2026-09-16,DVN,WATCH,60,49.21500015258789
2026-09-16,HCA,WATCH,59,433.0700073242188
2026-09-16,ABBV,WATCH,59,263.92999267578125
2026-09-16,PM,WATCH,59,193.8999938964844
2026-09-16,QCOM,WATCH,59,187.72000122070312
2026-09-16,MTCH,WATCH,58,44.18999862670898
2026-09-16,RBLX,WATCH,58,48.38999938964844
2026-09-16,KR,WATCH,58,61.400001525878906
2026-09-16,ELV,WATCH,58,415.7099914550781
2026-09-16,CI,WATCH,58,283.9349975585937
2026-09-16,WFC,WATCH,58,88.3949966430664
2026-09-16,MO,WATCH,58,70.63999938964844
2026-09-16,TSLA,WATCH,58,360.8800048828125
2026-09-16,SNAP,WATCH,57,5.784999847412109
2026-09-16,CRWD,WATCH,57,241.6499938964844
2026-09-16,CE,WATCH,57,47.22999954223633
2026-09-16,INTC,WATCH,57,102.12000274658205
2026-09-16,MET,WATCH,57,97.95500183105467
2026-09-16,TEM,WATCH,56,70.75
2026-09-16,NET,WATCH,56,327.75
2026-09-16,PANW,WATCH,56,378.2000122070313
2026-09-17,STLD,WATCH,62,246.6450042724609
2026-09-17,NUE,WATCH,61,266.010009765625
2026-09-17,PG,WATCH,61,147.43499755859375
2026-09-17,TMO,WATCH,61,663.1699829101562
2026-09-17,META,WATCH,61,678.030029296875
2026-09-17,AMD,WATCH,60,544.8275146484375
2026-09-17,TRV,WATCH,60,378.55999755859375
2026-09-17,AAPL,WATCH,60,335.989990234375
2026-09-17,ABBV,WATCH,59,262.29998779296875
2026-09-17,ISRG,WATCH,59,385.9667053222656
2026-09-17,HCA,WATCH,59,431.614990234375
2026-09-17,QCOM,WATCH,59,189.2899932861328
2026-09-17,SNAP,WATCH,59,5.724999904632568
2026-09-17,RBLX,WATCH,59,47.5099983215332
2026-09-17,VLO,WATCH,59,411.2699890136719
2026-09-17,TSLA,WATCH,58,366.6400146484375
2026-09-17,ELV,WATCH,58,416.0299987792969
2026-09-17,MET,WATCH,58,97.5999984741211
2026-09-17,MTCH,WATCH,58,43.75
2026-09-17,INTC,WATCH,58,110.6449966430664
2026-09-17,KR,WATCH,58,60.90999984741211
2026-09-17,MO,WATCH,58,69.58000183105469
2026-09-17,TEM,WATCH,57,80.49030303955078
2026-09-17,PANW,WATCH,57,372.2099914550781
2026-09-17,CRWD,WATCH,57,246.259994506836
2026-09-17,NET,WATCH,56,332.32000732421875
2026-09-17,DNA,WATCH,56,8.0600004196167
2026-09-17,CE,WATCH,56,47.04499816894531
2026-09-17,CRM,WATCH,56,244.9900054931641
2026-09-17,IONQ,WATCH,55,40.58990097045898
2026-09-18,GOOG,WATCH,64,345.7255859375
2026-09-18,GOOGL,WATCH,63,349.81500244140625
2026-09-18,TRV,WATCH,61,374.7099914550781
2026-09-18,TMO,WATCH,61,649.72998046875
2026-09-18,AAPL,WATCH,61,335.385009765625
2026-09-18,TSM,WATCH,61,430.4620056152344
2026-09-18,META,WATCH,61,670.6773071289062
2026-09-18,ETN,WATCH,60,420.4949951171875
2026-09-18,ISRG,WATCH,60,392.0199890136719
2026-09-18,QCOM,WATCH,60,178.10000610351562
2026-09-18,HOOD,WATCH,60,120.06179809570312
2026-09-18,KMI,WATCH,60,31.95499992370605
2026-09-18,PG,WATCH,60,146.27999877929688
2026-09-18,KR,WATCH,59,60.744998931884766
2026-09-18,AMD,WATCH,59,546.2199096679688
2026-09-18,RBLX,WATCH,59,47.42499923706055
2026-09-18,HCA,WATCH,59,429.6600036621094
2026-09-18,ABBV,WATCH,59,264.42999267578125
2026-09-18,PSX,WATCH,59,271.8351135253906
2026-09-18,CRWD,WATCH,58,238.56500244140625
2026-09-18,TSLA,WATCH,58,363.5798950195313
2026-09-18,MTCH,WATCH,58,43.310001373291016
2026-09-18,MO,WATCH,58,69.7249984741211
2026-09-18,INTC,WATCH,57,107.12999725341795
2026-09-18,PANW,WATCH,57,363.0950012207031
2026-09-18,NET,WATCH,57,320.6600036621094
2026-09-18,ELV,WATCH,57,407.8500061035156
2026-09-18,TEM,WATCH,56,77.58000183105469
2026-09-18,DNA,WATCH,55,7.690000057220459
2026-09-18,RXRX,WATCH,55,3.674999952316284
2026-09-21,HOOD,WATCH,64,124.39250183105467
2026-09-21,MU,WATCH,64,1049.0001220703125
2026-09-21,TSM,WATCH,63,444.9849853515625
2026-09-21,ISRG,WATCH,62,403.1900024414063
2026-09-21,FIVN,WATCH,62,36.77999877929688
2026-09-21,AAPL,WATCH,62,339.2699890136719
2026-09-21,ADI,WATCH,62,383.6199951171875
2026-09-21,GOOGL,WATCH,62,356.0899963378906
2026-09-21,GOOG,WATCH,62,352.2349853515625
2026-09-21,AMD,WATCH,62,615.5700073242188
2026-09-21,MPC,WATCH,61,402.9400024414063
2026-09-21,VLO,WATCH,61,394.03509521484375
2026-09-21,QCOM,WATCH,61,194.3500061035156
2026-09-21,PG,WATCH,60,146.5500030517578
2026-09-21,AME,WATCH,60,242.1000061035156
2026-09-21,INTC,WATCH,60,122.3949966430664
2026-09-21,ETN,WATCH,60,436.4750061035156
2026-09-21,MTCH,WATCH,60,43.20000076293945
2026-09-21,ABBV,WATCH,59,264.9049987792969
2026-09-21,KR,WATCH,59,59.53499984741211
2026-09-21,RBLX,WATCH,59,51.290000915527344
2026-09-21,CRWD,WATCH,58,249.72000122070312
2026-09-21,RXRX,WATCH,58,3.944999933242798
2026-09-21,DDOG,WATCH,58,243.8699951171875
2026-09-21,PANW,WATCH,58,371.2650146484375
2026-09-21,TEM,WATCH,58,77.65499877929688
2026-09-21,TSLA,WATCH,58,375.1897888183594
2026-09-21,NET,WATCH,57,349.8599853515625
2026-09-21,DNA,WATCH,57,8.0
2026-09-21,COIN,WATCH,55,201.17999267578125
2026-09-22,MU,WATCH,65,1085.5999755859375
2026-09-22,HOOD,WATCH,63,124.36000061035156
2026-09-22,SMCI,WATCH,63,41.17499923706055
2026-09-22,TSM,WATCH,63,449.5700073242188
2026-09-22,ISRG,WATCH,63,400.7300109863281
2026-09-22,FIVN,WATCH,62,37.720001220703125
2026-09-22,ADI,WATCH,62,387.2300109863281
2026-09-22,ETN,WATCH,62,440.3500061035156
2026-09-22,AAPL,WATCH,62,341.1700134277344
2026-09-22,NVDA,WATCH,62,229.1999969482422
2026-09-22,QCOM,WATCH,61,195.8699951171875
2026-09-22,DHR,WATCH,61,221.8500061035156
2026-09-22,JCI,WATCH,61,146.3249969482422
2026-09-22,DDOG,WATCH,60,248.5
2026-09-22,HCA,WATCH,60,440.1900024414063
2026-09-22,RBLX,WATCH,60,50.14500045776367
2026-09-22,MDB,WATCH,60,434.1700134277344
2026-09-22,TSLA,WATCH,60,378.8900146484375
2026-09-22,CRWD,WATCH,59,249.9850006103516
2026-09-22,PANW,WATCH,59,375.5750122070313
2026-09-22,CE,WATCH,59,47.880001068115234
2026-09-22,TEM,WATCH,59,77.9000015258789
2026-09-22,INTC,WATCH,58,122.5199966430664
2026-09-22,CRSP,WATCH,58,58.5099983215332
2026-09-22,NET,WATCH,58,354.8500061035156
2026-09-22,ASTS,WATCH,58,64.7699966430664
2026-09-22,RKLB,WATCH,57,71.94000244140625
2026-09-22,RXRX,WATCH,57,4.135000228881836
2026-09-22,DNA,WATCH,57,9.3100004196167
2026-09-22,COIN,WATCH,55,201.3800048828125
2026-09-23,MU,WATCH,64,1074.4649658203125
2026-09-23,SMCI,WATCH,63,41.435001373291016
2026-09-23,ISRG,WATCH,63,397.2300109863281
2026-09-23,TSM,WATCH,63,446.1260070800781
2026-09-23,HOOD,WATCH,62,124.9000015258789
2026-09-23,AAPL,WATCH,62,336.94000244140625
2026-09-23,IONQ,WATCH,62,42.68000030517578
2026-09-23,ADI,WATCH,61,383.7900085449219
2026-09-23,JCI,WATCH,61,146.51499938964844
2026-09-23,ETN,WATCH,61,438.08990478515625
2026-09-23,NVDA,WATCH,61,225.47999572753903
2026-09-23,DHR,WATCH,61,220.6999969482422
2026-09-23,QCOM,WATCH,60,196.884994506836
2026-09-23,RBLX,WATCH,60,49.34999847412109
2026-09-23,FIVN,WATCH,60,38.459999084472656
2026-09-23,TSLA,WATCH,60,379.39990234375
2026-09-23,PLTR,WATCH,60,190.4600067138672
2026-09-23,MDB,WATCH,59,430.1300048828125
2026-09-23,CE,WATCH,59,49.310001373291016
2026-09-23,DDOG,WATCH,59,251.7400054931641
2026-09-23,TEM,WATCH,59,76.21499633789062
2026-09-23,DE,WATCH,59,706.8400268554688
2026-09-23,CRWD,WATCH,58,261.04998779296875
2026-09-23,WMT,WATCH,58,110.20999908447266
2026-09-23,PANW,WATCH,58,388.1070861816406
2026-09-23,NET,WATCH,57,354.7550048828125
2026-09-23,INTC,WATCH,57,121.04499816894533
2026-09-23,RXRX,WATCH,56,3.680000066757202
2026-09-23,RKLB,WATCH,56,70.77200317382812
2026-09-23,COIN,WATCH,55,198.3650054931641
2026-09-24,SMCI,WATCH,63,41.78499984741211
2026-09-24,MU,WATCH,63,1069.2650146484375
2026-09-24,TSM,WATCH,63,448.4249877929688
2026-09-24,HOOD,WATCH,62,121.2699966430664
2026-09-24,ISRG,WATCH,62,400.7000122070313
2026-09-24,NVDA,WATCH,62,223.8800048828125
2026-09-24,AAPL,WATCH,61,337.6050109863281
2026-09-24,ADI,WATCH,61,382.4400024414063
2026-09-24,DHR,WATCH,61,222.8500061035156
2026-09-24,ETN,WATCH,60,437.0199890136719
2026-09-24,PLTR,WATCH,60,192.5599975585937
2026-09-24,IONQ,WATCH,60,45.36000061035156
2026-09-24,FIVN,WATCH,60,36.88999938964844
2026-09-24,QCOM,WATCH,60,193.8679962158203
2026-09-24,JCI,WATCH,60,145.1999969482422
2026-09-24,MDB,WATCH,59,417.6400146484375
2026-09-24,AMD,WATCH,59,621.8701171875
2026-09-24,TSLA,WATCH,59,379.35589599609375
2026-09-24,DE,WATCH,59,696.8599853515625
2026-09-24,RBLX,WATCH,59,48.06999969482422
2026-09-24,PANW,WATCH,58,391.2250061035156
2026-09-24,DDOG,WATCH,58,254.9499969482422
2026-09-24,TEM,WATCH,58,79.48999786376953
2026-09-24,CRWD,WATCH,58,262.2300109863281
2026-09-24,CE,WATCH,58,47.72999954223633
2026-09-24,INTC,WATCH,57,126.04000091552734
2026-09-24,NET,WATCH,56,362.4400024414063
2026-09-24,RKLB,WATCH,56,74.05999755859375
2026-09-24,RXRX,WATCH,56,3.760799884796143
2026-09-24,COIN,AVOID,54,198.2949981689453
2026-09-25,MU,WATCH,63,1082.10986328125
2026-09-25,SMCI,WATCH,63,43.025001525878906
2026-09-25,TSM,WATCH,63,451.43499755859375
2026-09-25,ISRG,WATCH,62,402.6950073242188
2026-09-25,HOOD,WATCH,62,119.29499816894533
2026-09-25,ADI,WATCH,62,393.5499877929688
2026-09-25,TXN,WATCH,62,276.2950134277344
2026-09-25,META,WATCH,62,752.9000244140625
2026-09-25,AME,WATCH,61,250.71499633789065
2026-09-25,JCI,WATCH,61,149.77000427246094
2026-09-25,AAPL,WATCH,61,340.2550048828125
2026-09-25,FIVN,WATCH,60,36.59999847412109
2026-09-25,ETN,WATCH,60,437.760009765625
2026-09-25,HCA,WATCH,60,431.3399963378906
2026-09-25,ABBV,WATCH,60,264.5950012207031
2026-09-25,QCOM,WATCH,59,203.57000732421875
2026-09-25,PLTR,WATCH,59,191.384994506836
2026-09-25,AMD,WATCH,59,629.9500122070312
2026-09-25,IONQ,WATCH,59,45.48500061035156
2026-09-25,RBLX,WATCH,59,46.88999938964844
2026-09-25,DDOG,WATCH,58,270.7200012207031
2026-09-25,TSLA,WATCH,58,372.43011474609375
2026-09-25,CE,WATCH,58,46.86000061035156
2026-09-25,RKLB,WATCH,57,74.06500244140625
2026-09-25,NET,WATCH,57,350.8999938964844
2026-09-25,CRWD,WATCH,57,254.5399932861328
2026-09-25,RXRX,WATCH,56,3.795000076293945
2026-09-25,DNA,WATCH,56,10.30500030517578
2026-09-25,INTC,WATCH,56,124.5250015258789
2026-09-25,COIN,AVOID,54,194.8867034912109
2026-09-28,MU,WATCH,64,1053.97998046875
2026-09-28,META,WATCH,63,715.6199951171875
2026-09-28,TSM,WATCH,63,452.8800048828125
2026-09-28,ETN,WATCH,63,431.4100036621094
2026-09-28,NVDA,WATCH,63,228.8600006103516
2026-09-28,ADI,WATCH,62,395.4299926757813
2026-09-28,KLAC,WATCH,62,189.1699981689453
2026-09-28,AAPL,WATCH,62,338.3999938964844
2026-09-28,PG,WATCH,62,149.02999877929688
2026-09-28,LRCX,WATCH,62,314.4700012207031
2026-09-28,SMCI,WATCH,62,41.77999877929688
2026-09-28,TXN,WATCH,62,278.3099975585937
2026-09-28,QCOM,WATCH,61,187.47999572753903
2026-09-28,AMD,WATCH,61,607.8699951171875
2026-09-28,JCI,WATCH,61,148.88999938964844
2026-09-28,AME,WATCH,61,251.6699981689453
2026-09-28,HCA,WATCH,60,432.6000061035156
2026-09-28,ABBV,WATCH,60,266.2799987792969
2026-09-28,IONQ,WATCH,60,44.58000183105469
2026-09-28,PFE,WATCH,59,28.71999931335449
2026-09-28,EMR,WATCH,59,159.38999938964844
2026-09-28,INTC,WATCH,58,116.02999877929688
2026-09-28,DDOG,WATCH,58,268.70001220703125
2026-09-28,PANW,WATCH,58,392.0899963378906
2026-09-28,CRWD,WATCH,57,259.25
2026-09-28,NET,WATCH,57,353.989990234375
2026-09-28,RKLB,WATCH,57,72.19000244140625
2026-09-28,RXRX,WATCH,56,3.700000047683716
2026-09-28,DNA,WATCH,56,10.460000038146973
2026-09-28,COIN,WATCH,55,191.7899932861328
2026-09-29,META,WATCH,62,733.2999877929688
2026-09-29,TSM,WATCH,62,458.5220031738281
2026-09-29,MU,WATCH,62,1069.7249755859375
2026-09-29,AMAT,WATCH,62,509.7391052246094
2026-09-29,SMCI,WATCH,62,41.17499923706055
2026-09-29,ADI,WATCH,62,397.6749877929688
2026-09-29,TXN,WATCH,62,281.9200134277344
2026-09-29,LRCX,WATCH,62,323.5150146484375
2026-09-29,KLAC,WATCH,61,196.2400054931641
2026-09-29,ETN,WATCH,61,432.7049865722656
2026-09-29,JCI,WATCH,61,149.8699951171875
2026-09-29,PM,WATCH,61,193.0399932861328
2026-09-29,AME,WATCH,61,250.759994506836
2026-09-29,AMD,WATCH,61,607.3599853515625
2026-09-29,LLY,WATCH,61,1184.616455078125
2026-09-29,NVDA,WATCH,61,227.97000122070312
2026-09-29,ISRG,WATCH,60,411.7200012207031
2026-09-29,QCOM,WATCH,60,185.4349975585937
2026-09-29,ABBV,WATCH,60,263.6499938964844
2026-09-29,DHR,WATCH,60,225.1199951171875
2026-09-29,HCA,WATCH,59,430.7900085449219
2026-09-29,KR,WATCH,59,60.60499954223633
2026-09-29,EMR,WATCH,59,157.3800048828125
2026-09-29,INTC,WATCH,58,116.0199966430664
2026-09-29,DDOG,WATCH,58,268.56500244140625
2026-09-29,TEM,WATCH,58,82.28500366210938
2026-09-29,IONQ,WATCH,58,44.06100082397461
2026-09-29,NET,WATCH,57,352.30499267578125
2026-09-29,CRWD,WATCH,57,262.1724853515625
2026-09-29,RXRX,WATCH,56,3.954999923706055
2026-09-30,META,WATCH,63,732.8250122070312
2026-09-30,KLAC,WATCH,63,197.0599975585937
2026-09-30,MU,WATCH,63,1071.199951171875
2026-09-30,LRCX,WATCH,63,330.1499938964844
2026-09-30,TXN,WATCH,63,282.3599853515625
2026-09-30,TSM,WATCH,63,458.3800048828125
2026-09-30,NVDA,WATCH,63,230.69839477539065
2026-09-30,GOOGL,WATCH,63,348.5199890136719
2026-09-30,GOOG,WATCH,63,345.1549987792969
2026-09-30,DHR,WATCH,62,220.8350067138672
2026-09-30,AMAT,WATCH,62,514.760009765625
2026-09-30,ADI,WATCH,62,398.4450073242188
2026-09-30,ETN,WATCH,62,432.68499755859375
2026-09-30,AMD,WATCH,62,612.9099731445312
2026-09-30,MSFT,WATCH,62,517.239990234375
2026-09-30,AME,WATCH,62,249.3999938964844
2026-09-30,JCI,WATCH,62,149.86500549316406
2026-09-30,EMR,WATCH,61,156.18499755859375
2026-09-30,TT,WATCH,61,455.9500122070313
2026-09-30,PLTR,WATCH,61,187.53500366210932
2026-09-30,ISRG,WATCH,61,408.7099914550781
2026-09-30,SHOP,WATCH,61,150.0800018310547
2026-09-30,IONQ,WATCH,60,44.20650100708008
2026-09-30,TEM,WATCH,59,82.80500030517578
2026-09-30,PANW,WATCH,59,397.4299926757813
2026-09-30,HIMS,WATCH,59,29.96999931335449
2026-09-30,CRWD,WATCH,58,265.3399963378906
2026-09-30,INTC,WATCH,58,120.12000274658205
2026-09-30,NET,WATCH,57,349.4549865722656
2026-09-30,RXRX,WATCH,57,4.159999847412109
2026-10-01,MU,WATCH,64,1092.72998046875
2026-10-01,TSM,WATCH,64,458.6300048828125
2026-10-01,META,WATCH,63,727.0850219726562
2026-10-01,LRCX,WATCH,62,341.1400146484375
2026-10-01,AMAT,WATCH,62,531.4299926757812
2026-10-01,KLAC,WATCH,62,201.0200042724609
2026-10-01,MSFT,WATCH,62,515.2000122070312
2026-10-01,TXN,WATCH,62,282.5599975585937
2026-10-01,ETN,WATCH,62,438.5549926757813
2026-10-01,JCI,WATCH,61,151.47999572753906
2026-10-01,PLTR,WATCH,61,191.0500030517578
2026-10-01,AME,WATCH,61,249.8000030517578
2026-10-01,FAST,WATCH,61,50.17499923706055
2026-10-01,ADI,WATCH,61,405.5400085449219
2026-10-01,CAT,WATCH,61,826.8499755859375
2026-10-01,TT,WATCH,60,460.4049987792969
2026-10-01,ISRG,WATCH,60,400.9500122070313
2026-10-01,TMO,WATCH,60,655.5499877929688
2026-10-01,EMR,WATCH,60,159.08270263671875
2026-10-01,SHOP,WATCH,60,149.3699951171875
2026-10-01,AMD,WATCH,60,617.530029296875
2026-10-01,IONQ,WATCH,59,44.04499816894531
2026-10-01,TEM,WATCH,59,76.93000030517578
2026-10-01,INTC,WATCH,58,120.30999755859376
2026-10-01,RKLB,WATCH,58,70.75
2026-10-01,PANW,WATCH,58,396.1799926757813
2026-10-01,ROK,WATCH,58,441.1600036621094
2026-10-01,NET,WATCH,57,351.3699951171875
2026-10-01,CRWD,WATCH,57,267.3900146484375
2026-10-01,RXRX,WATCH,56,4.105000019073486
2026-10-02,TSM,WATCH,63,473.2998962402344
2026-10-02,LRCX,WATCH,62,347.2900085449219
2026-10-02,ETN,WATCH,62,437.19500732421875
2026-10-02,SMCI,WATCH,62,43.7599983215332
2026-10-02,NVDA,WATCH,62,233.75999450683594
2026-10-02,KLAC,WATCH,62,206.6999969482422
2026-10-02,AME,WATCH,61,252.77999877929688
2026-10-02,FAST,WATCH,61,50.8849983215332
2026-10-02,TXN,WATCH,61,294.010009765625
2026-10-02,AMAT,WATCH,61,538.625
2026-10-02,CAT,WATCH,61,845.9359741210938
2026-10-02,MU,WATCH,61,1075.2850341796875
2026-10-02,URI,WATCH,61,1075.8599853515625
2026-10-02,JCI,WATCH,60,156.3350067138672
2026-10-02,TT,WATCH,60,464.3450012207031
2026-10-02,SHOP,WATCH,60,151.5500030517578
2026-10-02,PLTR,WATCH,60,189.19000244140625
2026-10-02,ISRG,WATCH,60,393.1700134277344
2026-10-02,EMR,WATCH,60,161.4499969482422
2026-10-02,IONQ,WATCH,59,43.59000015258789
2026-10-02,RKLB,WATCH,58,73.80000305175781
2026-10-02,PANW,WATCH,58,402.635009765625
2026-10-02,DDOG,WATCH,58,277.69000244140625
2026-10-02,ADI,WATCH,58,416.5950012207031
2026-10-02,ROK,WATCH,58,453.57000732421875
2026-10-02,AMD,WATCH,58,633.35498046875
2026-10-02,INTC,WATCH,57,119.66000366210938
2026-10-02,RXRX,WATCH,56,4.079999923706055
2026-10-02,CRWD,WATCH,56,268.9800109863281
2026-10-02,DNA,AVOID,54,12.170000076293945
